lat,lon,fecha_actual,mes_pronostico,valor,variable
-38.0,-65.0,2025-12-01,1,32.21,precipitacion_acumulada
-38.0,-65.0,2025-12-01,2,42.23,precipitacion_acumulada
-38.0,-65.0,2025-12-01,3,52.05,precipitacion_acumulada
-38.0,-65.0,2025-12-01,4,58.17,precipitacion_acumulada
-38.0,-65.0,2025-12-01,5,42.84,precipitacion_acumulada
-38.0,-65.0,2025-12-01,6,29.21,precipitacion_acumulada
-38.0,-64.0,2025-12-01,1,40.2,precipitacion_acumulada
-38.0,-64.0,2025-12-01,2,45.63,precipitacion_acumulada
-38.0,-64.0,2025-12-01,3,59.46,precipitacion_acumulada
-38.0,-64.0,2025-12-01,4,65.57,precipitacion_acumulada
-38.0,-64.0,2025-12-01,5,50.36,precipitacion_acumulada
-38.0,-64.0,2025-12-01,6,30.34,precipitacion_acumulada
-38.0,-63.0,2025-12-01,1,51.37,precipitacion_acumulada
-38.0,-63.0,2025-12-01,2,51.28,precipitacion_acumulada
-38.0,-63.0,2025-12-01,3,68.34,precipitacion_acumulada
-38.0,-63.0,2025-12-01,4,67.27,precipitacion_acumulada
-38.0,-63.0,2025-12-01,5,54.89,precipitacion_acumulada
-38.0,-63.0,2025-12-01,6,33.52,precipitacion_acumulada
-38.0,-62.0,2025-12-01,1,62.9,precipitacion_acumulada
-38.0,-62.0,2025-12-01,2,60.84,precipitacion_acumulada
-38.0,-62.0,2025-12-01,3,75.57,precipitacion_acumulada
-38.0,-62.0,2025-12-01,4,65.89,precipitacion_acumulada
-38.0,-62.0,2025-12-01,5,59.21,precipitacion_acumulada
-38.0,-62.0,2025-12-01,6,41.28,precipitacion_acumulada
-38.0,-61.0,2025-12-01,1,72.62,precipitacion_acumulada
-38.0,-61.0,2025-12-01,2,68.65,precipitacion_acumulada
-38.0,-61.0,2025-12-01,3,83.31,precipitacion_acumulada
-38.0,-61.0,2025-12-01,4,67.47,precipitacion_acumulada
-38.0,-61.0,2025-12-01,5,62.54,precipitacion_acumulada
-38.0,-61.0,2025-12-01,6,48.96,precipitacion_acumulada
-38.0,-60.0,2025-12-01,1,78.11,precipitacion_acumulada
-38.0,-60.0,2025-12-01,2,73.95,precipitacion_acumulada
-38.0,-60.0,2025-12-01,3,85.09,precipitacion_acumulada
-38.0,-60.0,2025-12-01,4,67.5,precipitacion_acumulada
-38.0,-60.0,2025-12-01,5,64.75,precipitacion_acumulada
-38.0,-60.0,2025-12-01,6,55.18,precipitacion_acumulada
-38.0,-59.0,2025-12-01,1,78.36,precipitacion_acumulada
-38.0,-59.0,2025-12-01,2,74.85,precipitacion_acumulada
-38.0,-59.0,2025-12-01,3,85.72,precipitacion_acumulada
-38.0,-59.0,2025-12-01,4,70.91,precipitacion_acumulada
-38.0,-59.0,2025-12-01,5,71.15,precipitacion_acumulada
-38.0,-59.0,2025-12-01,6,67.31,precipitacion_acumulada
-38.0,-58.0,2025-12-01,1,80.52,precipitacion_acumulada
-38.0,-58.0,2025-12-01,2,72.91,precipitacion_acumulada
-38.0,-58.0,2025-12-01,3,89.52,precipitacion_acumulada
-38.0,-58.0,2025-12-01,4,74.14,precipitacion_acumulada
-38.0,-58.0,2025-12-01,5,73.2,precipitacion_acumulada
-38.0,-58.0,2025-12-01,6,68.94,precipitacion_acumulada
-38.0,-57.0,2025-12-01,1,78.18,precipitacion_acumulada
-38.0,-57.0,2025-12-01,2,68.69,precipitacion_acumulada
-38.0,-57.0,2025-12-01,3,84.78,precipitacion_acumulada
-38.0,-57.0,2025-12-01,4,74.79,precipitacion_acumulada
-38.0,-57.0,2025-12-01,5,74.83,precipitacion_acumulada
-38.0,-57.0,2025-12-01,6,67.63,precipitacion_acumulada
-38.0,-56.0,2025-12-01,1,68.18,precipitacion_acumulada
-38.0,-56.0,2025-12-01,2,61.46,precipitacion_acumulada
-38.0,-56.0,2025-12-01,3,73.44,precipitacion_acumulada
-38.0,-56.0,2025-12-01,4,74.09,precipitacion_acumulada
-38.0,-56.0,2025-12-01,5,75.89,precipitacion_acumulada
-38.0,-56.0,2025-12-01,6,71.97,precipitacion_acumulada
-37.0,-65.0,2025-12-01,1,46.08,precipitacion_acumulada
-37.0,-65.0,2025-12-01,2,51.69,precipitacion_acumulada
-37.0,-65.0,2025-12-01,3,66.68,precipitacion_acumulada
-37.0,-65.0,2025-12-01,4,63.48,precipitacion_acumulada
-37.0,-65.0,2025-12-01,5,50.73,precipitacion_acumulada
-37.0,-65.0,2025-12-01,6,32.84,precipitacion_acumulada
-37.0,-64.0,2025-12-01,1,54.15,precipitacion_acumulada
-37.0,-64.0,2025-12-01,2,55.16,precipitacion_acumulada
-37.0,-64.0,2025-12-01,3,74.19,precipitacion_acumulada
-37.0,-64.0,2025-12-01,4,70.96,precipitacion_acumulada
-37.0,-64.0,2025-12-01,5,58.36,precipitacion_acumulada
-37.0,-64.0,2025-12-01,6,33.99,precipitacion_acumulada
-37.0,-63.0,2025-12-01,1,60.35,precipitacion_acumulada
-37.0,-63.0,2025-12-01,2,63.25,precipitacion_acumulada
-37.0,-63.0,2025-12-01,3,82.2,precipitacion_acumulada
-37.0,-63.0,2025-12-01,4,76.36,precipitacion_acumulada
-37.0,-63.0,2025-12-01,5,65.49,precipitacion_acumulada
-37.0,-63.0,2025-12-01,6,40.7,precipitacion_acumulada
-37.0,-62.0,2025-12-01,1,72.01,precipitacion_acumulada
-37.0,-62.0,2025-12-01,2,72.89,precipitacion_acumulada
-37.0,-62.0,2025-12-01,3,89.53,precipitacion_acumulada
-37.0,-62.0,2025-12-01,4,75.03,precipitacion_acumulada
-37.0,-62.0,2025-12-01,5,69.88,precipitacion_acumulada
-37.0,-62.0,2025-12-01,6,48.56,precipitacion_acumulada
-37.0,-61.0,2025-12-01,1,78.29,precipitacion_acumulada
-37.0,-61.0,2025-12-01,2,76.16,precipitacion_acumulada
-37.0,-61.0,2025-12-01,3,93.45,precipitacion_acumulada
-37.0,-61.0,2025-12-01,4,78.5,precipitacion_acumulada
-37.0,-61.0,2025-12-01,5,75.97,precipitacion_acumulada
-37.0,-61.0,2025-12-01,6,55.27,precipitacion_acumulada
-37.0,-60.0,2025-12-01,1,83.84,precipitacion_acumulada
-37.0,-60.0,2025-12-01,2,81.5,precipitacion_acumulada
-37.0,-60.0,2025-12-01,3,95.24,precipitacion_acumulada
-37.0,-60.0,2025-12-01,4,78.52,precipitacion_acumulada
-37.0,-60.0,2025-12-01,5,78.22,precipitacion_acumulada
-37.0,-60.0,2025-12-01,6,61.56,precipitacion_acumulada
-37.0,-59.0,2025-12-01,1,87.59,precipitacion_acumulada
-37.0,-59.0,2025-12-01,2,79.51,precipitacion_acumulada
-37.0,-59.0,2025-12-01,3,95.1,precipitacion_acumulada
-37.0,-59.0,2025-12-01,4,76.08,precipitacion_acumulada
-37.0,-59.0,2025-12-01,5,79.22,precipitacion_acumulada
-37.0,-59.0,2025-12-01,6,63.57,precipitacion_acumulada
-37.0,-58.0,2025-12-01,1,89.83,precipitacion_acumulada
-37.0,-58.0,2025-12-01,2,77.54,precipitacion_acumulada
-37.0,-58.0,2025-12-01,3,98.92,precipitacion_acumulada
-37.0,-58.0,2025-12-01,4,79.34,precipitacion_acumulada
-37.0,-58.0,2025-12-01,5,81.28,precipitacion_acumulada
-37.0,-58.0,2025-12-01,6,65.21,precipitacion_acumulada
-37.0,-57.0,2025-12-01,1,91.22,precipitacion_acumulada
-37.0,-57.0,2025-12-01,2,73.68,precipitacion_acumulada
-37.0,-57.0,2025-12-01,3,92.48,precipitacion_acumulada
-37.0,-57.0,2025-12-01,4,81.65,precipitacion_acumulada
-37.0,-57.0,2025-12-01,5,80.64,precipitacion_acumulada
-37.0,-57.0,2025-12-01,6,70.42,precipitacion_acumulada
-37.0,-56.0,2025-12-01,1,81.08,precipitacion_acumulada
-37.0,-56.0,2025-12-01,2,66.35,precipitacion_acumulada
-37.0,-56.0,2025-12-01,3,81.0,precipitacion_acumulada
-37.0,-56.0,2025-12-01,4,80.93,precipitacion_acumulada
-37.0,-56.0,2025-12-01,5,81.69,precipitacion_acumulada
-37.0,-56.0,2025-12-01,6,74.83,precipitacion_acumulada
-36.0,-65.0,2025-12-01,1,62.44,precipitacion_acumulada
-36.0,-65.0,2025-12-01,2,60.89,precipitacion_acumulada
-36.0,-65.0,2025-12-01,3,76.67,precipitacion_acumulada
-36.0,-65.0,2025-12-01,4,71.29,precipitacion_acumulada
-36.0,-65.0,2025-12-01,5,59.97,precipitacion_acumulada
-36.0,-65.0,2025-12-01,6,37.45,precipitacion_acumulada
-36.0,-64.0,2025-12-01,1,63.95,precipitacion_acumulada
-36.0,-64.0,2025-12-01,2,67.73,precipitacion_acumulada
-36.0,-64.0,2025-12-01,3,83.84,precipitacion_acumulada
-36.0,-64.0,2025-12-01,4,76.76,precipitacion_acumulada
-36.0,-64.0,2025-12-01,5,68.09,precipitacion_acumulada
-36.0,-64.0,2025-12-01,6,39.45,precipitacion_acumulada
-36.0,-63.0,2025-12-01,1,70.23,precipitacion_acumulada
-36.0,-63.0,2025-12-01,2,75.89,precipitacion_acumulada
-36.0,-63.0,2025-12-01,3,91.96,precipitacion_acumulada
-36.0,-63.0,2025-12-01,4,82.25,precipitacion_acumulada
-36.0,-63.0,2025-12-01,5,75.27,precipitacion_acumulada
-36.0,-63.0,2025-12-01,6,46.23,precipitacion_acumulada
-36.0,-62.0,2025-12-01,1,76.67,precipitacion_acumulada
-36.0,-62.0,2025-12-01,2,78.59,precipitacion_acumulada
-36.0,-62.0,2025-12-01,3,100.89,precipitacion_acumulada
-36.0,-62.0,2025-12-01,4,88.42,precipitacion_acumulada
-36.0,-62.0,2025-12-01,5,78.88,precipitacion_acumulada
-36.0,-62.0,2025-12-01,6,53.15,precipitacion_acumulada
-36.0,-61.0,2025-12-01,1,83.01,precipitacion_acumulada
-36.0,-61.0,2025-12-01,2,81.87,precipitacion_acumulada
-36.0,-61.0,2025-12-01,3,104.89,precipitacion_acumulada
-36.0,-61.0,2025-12-01,4,91.92,precipitacion_acumulada
-36.0,-61.0,2025-12-01,5,85.07,precipitacion_acumulada
-36.0,-61.0,2025-12-01,6,59.96,precipitacion_acumulada
-36.0,-60.0,2025-12-01,1,85.94,precipitacion_acumulada
-36.0,-60.0,2025-12-01,2,80.93,precipitacion_acumulada
-36.0,-60.0,2025-12-01,3,105.69,precipitacion_acumulada
-36.0,-60.0,2025-12-01,4,90.54,precipitacion_acumulada
-36.0,-60.0,2025-12-01,5,88.96,precipitacion_acumulada
-36.0,-60.0,2025-12-01,6,67.75,precipitacion_acumulada
-36.0,-59.0,2025-12-01,1,89.73,precipitacion_acumulada
-36.0,-59.0,2025-12-01,2,78.94,precipitacion_acumulada
-36.0,-59.0,2025-12-01,3,105.53,precipitacion_acumulada
-36.0,-59.0,2025-12-01,4,88.07,precipitacion_acumulada
-36.0,-59.0,2025-12-01,5,89.95,precipitacion_acumulada
-36.0,-59.0,2025-12-01,6,69.81,precipitacion_acumulada
-36.0,-58.0,2025-12-01,1,93.62,precipitacion_acumulada
-36.0,-58.0,2025-12-01,2,76.68,precipitacion_acumulada
-36.0,-58.0,2025-12-01,3,99.28,precipitacion_acumulada
-36.0,-58.0,2025-12-01,4,86.95,precipitacion_acumulada
-36.0,-58.0,2025-12-01,5,89.34,precipitacion_acumulada
-36.0,-58.0,2025-12-01,6,72.2,precipitacion_acumulada
-36.0,-57.0,2025-12-01,1,94.98,precipitacion_acumulada
-36.0,-57.0,2025-12-01,2,72.75,precipitacion_acumulada
-36.0,-57.0,2025-12-01,3,92.74,precipitacion_acumulada
-36.0,-57.0,2025-12-01,4,89.27,precipitacion_acumulada
-36.0,-57.0,2025-12-01,5,88.71,precipitacion_acumulada
-36.0,-57.0,2025-12-01,6,77.46,precipitacion_acumulada
-36.0,-56.0,2025-12-01,1,88.16,precipitacion_acumulada
-36.0,-56.0,2025-12-01,2,67.56,precipitacion_acumulada
-36.0,-56.0,2025-12-01,3,85.26,precipitacion_acumulada
-36.0,-56.0,2025-12-01,4,87.39,precipitacion_acumulada
-36.0,-56.0,2025-12-01,5,91.91,precipitacion_acumulada
-36.0,-56.0,2025-12-01,6,81.95,precipitacion_acumulada
-35.0,-65.0,2025-12-01,1,78.04,precipitacion_acumulada
-35.0,-65.0,2025-12-01,2,67.98,precipitacion_acumulada
-35.0,-65.0,2025-12-01,3,84.23,precipitacion_acumulada
-35.0,-65.0,2025-12-01,4,74.97,precipitacion_acumulada
-35.0,-65.0,2025-12-01,5,64.1,precipitacion_acumulada
-35.0,-65.0,2025-12-01,6,40.19,precipitacion_acumulada
-35.0,-64.0,2025-12-01,1,79.57,precipitacion_acumulada
-35.0,-64.0,2025-12-01,2,74.89,precipitacion_acumulada
-35.0,-64.0,2025-12-01,3,91.47,precipitacion_acumulada
-35.0,-64.0,2025-12-01,4,80.5,precipitacion_acumulada
-35.0,-64.0,2025-12-01,5,72.3,precipitacion_acumulada
-35.0,-64.0,2025-12-01,6,42.22,precipitacion_acumulada
-35.0,-63.0,2025-12-01,1,81.64,precipitacion_acumulada
-35.0,-63.0,2025-12-01,2,84.99,precipitacion_acumulada
-35.0,-63.0,2025-12-01,3,101.88,precipitacion_acumulada
-35.0,-63.0,2025-12-01,4,89.44,precipitacion_acumulada
-35.0,-63.0,2025-12-01,5,79.48,precipitacion_acumulada
-35.0,-63.0,2025-12-01,6,49.34,precipitacion_acumulada
-35.0,-62.0,2025-12-01,1,88.12,precipitacion_acumulada
-35.0,-62.0,2025-12-01,2,87.73,precipitacion_acumulada
-35.0,-62.0,2025-12-01,3,110.92,precipitacion_acumulada
-35.0,-62.0,2025-12-01,4,95.66,precipitacion_acumulada
-35.0,-62.0,2025-12-01,5,83.15,precipitacion_acumulada
-35.0,-62.0,2025-12-01,6,56.36,precipitacion_acumulada
-35.0,-61.0,2025-12-01,1,90.47,precipitacion_acumulada
-35.0,-61.0,2025-12-01,2,84.81,precipitacion_acumulada
-35.0,-61.0,2025-12-01,3,114.1,precipitacion_acumulada
-35.0,-61.0,2025-12-01,4,97.8,precipitacion_acumulada
-35.0,-61.0,2025-12-01,5,90.9,precipitacion_acumulada
-35.0,-61.0,2025-12-01,6,65.13,precipitacion_acumulada
-35.0,-60.0,2025-12-01,1,93.42,precipitacion_acumulada
-35.0,-60.0,2025-12-01,2,83.84,precipitacion_acumulada
-35.0,-60.0,2025-12-01,3,114.88,precipitacion_acumulada
-35.0,-60.0,2025-12-01,4,96.42,precipitacion_acumulada
-35.0,-60.0,2025-12-01,5,94.84,precipitacion_acumulada
-35.0,-60.0,2025-12-01,6,73.02,precipitacion_acumulada
-35.0,-59.0,2025-12-01,1,91.05,precipitacion_acumulada
-35.0,-59.0,2025-12-01,2,82.2,precipitacion_acumulada
-35.0,-59.0,2025-12-01,3,105.07,precipitacion_acumulada
-35.0,-59.0,2025-12-01,4,95.79,precipitacion_acumulada
-35.0,-59.0,2025-12-01,5,96.66,precipitacion_acumulada
-35.0,-59.0,2025-12-01,6,80.67,precipitacion_acumulada
-35.0,-58.0,2025-12-01,1,94.91,precipitacion_acumulada
-35.0,-58.0,2025-12-01,2,79.91,precipitacion_acumulada
-35.0,-58.0,2025-12-01,3,98.73,precipitacion_acumulada
-35.0,-58.0,2025-12-01,4,94.65,precipitacion_acumulada
-35.0,-58.0,2025-12-01,5,96.06,precipitacion_acumulada
-35.0,-58.0,2025-12-01,6,83.11,precipitacion_acumulada
-35.0,-57.0,2025-12-01,1,94.26,precipitacion_acumulada
-35.0,-57.0,2025-12-01,2,81.29,precipitacion_acumulada
-35.0,-57.0,2025-12-01,3,98.82,precipitacion_acumulada
-35.0,-57.0,2025-12-01,4,97.71,precipitacion_acumulada
-35.0,-57.0,2025-12-01,5,98.61,precipitacion_acumulada
-35.0,-57.0,2025-12-01,6,86.0,precipitacion_acumulada
-35.0,-56.0,2025-12-01,1,87.44,precipitacion_acumulada
-35.0,-56.0,2025-12-01,2,76.11,precipitacion_acumulada
-35.0,-56.0,2025-12-01,3,91.33,precipitacion_acumulada
-35.0,-56.0,2025-12-01,4,95.84,precipitacion_acumulada
-35.0,-56.0,2025-12-01,5,101.83,precipitacion_acumulada
-35.0,-56.0,2025-12-01,6,90.52,precipitacion_acumulada
-34.0,-65.0,2025-12-01,1,104.83,precipitacion_acumulada
-34.0,-65.0,2025-12-01,2,82.96,precipitacion_acumulada
-34.0,-65.0,2025-12-01,3,100.34,precipitacion_acumulada
-34.0,-65.0,2025-12-01,4,80.12,precipitacion_acumulada
-34.0,-65.0,2025-12-01,5,65.93,precipitacion_acumulada
-34.0,-65.0,2025-12-01,6,40.36,precipitacion_acumulada
-34.0,-64.0,2025-12-01,1,95.58,precipitacion_acumulada
-34.0,-64.0,2025-12-01,2,80.97,precipitacion_acumulada
-34.0,-64.0,2025-12-01,3,102.54,precipitacion_acumulada
-34.0,-64.0,2025-12-01,4,84.4,precipitacion_acumulada
-34.0,-64.0,2025-12-01,5,72.76,precipitacion_acumulada
-34.0,-64.0,2025-12-01,6,43.77,precipitacion_acumulada
-34.0,-63.0,2025-12-01,1,97.64,precipitacion_acumulada
-34.0,-63.0,2025-12-01,2,91.1,precipitacion_acumulada
-34.0,-63.0,2025-12-01,3,113.01,precipitacion_acumulada
-34.0,-63.0,2025-12-01,4,93.42,precipitacion_acumulada
-34.0,-63.0,2025-12-01,5,80.02,precipitacion_acumulada
-34.0,-63.0,2025-12-01,6,50.98,precipitacion_acumulada
-34.0,-62.0,2025-12-01,1,100.73,precipitacion_acumulada
-34.0,-62.0,2025-12-01,2,93.26,precipitacion_acumulada
-34.0,-62.0,2025-12-01,3,114.93,precipitacion_acumulada
-34.0,-62.0,2025-12-01,4,98.95,precipitacion_acumulada
-34.0,-62.0,2025-12-01,5,86.79,precipitacion_acumulada
-34.0,-62.0,2025-12-01,6,59.78,precipitacion_acumulada
-34.0,-61.0,2025-12-01,1,103.1,precipitacion_acumulada
-34.0,-61.0,2025-12-01,2,90.34,precipitacion_acumulada
-34.0,-61.0,2025-12-01,3,118.13,precipitacion_acumulada
-34.0,-61.0,2025-12-01,4,101.13,precipitacion_acumulada
-34.0,-61.0,2025-12-01,5,94.63,precipitacion_acumulada
-34.0,-61.0,2025-12-01,6,68.67,precipitacion_acumulada
-34.0,-60.0,2025-12-01,1,97.82,precipitacion_acumulada
-34.0,-60.0,2025-12-01,2,89.71,precipitacion_acumulada
-34.0,-60.0,2025-12-01,3,119.11,precipitacion_acumulada
-34.0,-60.0,2025-12-01,4,100.54,precipitacion_acumulada
-34.0,-60.0,2025-12-01,5,101.92,precipitacion_acumulada
-34.0,-60.0,2025-12-01,6,77.4,precipitacion_acumulada
-34.0,-59.0,2025-12-01,1,95.38,precipitacion_acumulada
-34.0,-59.0,2025-12-01,2,88.05,precipitacion_acumulada
-34.0,-59.0,2025-12-01,3,109.23,precipitacion_acumulada
-34.0,-59.0,2025-12-01,4,99.9,precipitacion_acumulada
-34.0,-59.0,2025-12-01,5,103.77,precipitacion_acumulada
-34.0,-59.0,2025-12-01,6,85.12,precipitacion_acumulada
-34.0,-58.0,2025-12-01,1,93.56,precipitacion_acumulada
-34.0,-58.0,2025-12-01,2,91.82,precipitacion_acumulada
-34.0,-58.0,2025-12-01,3,104.52,precipitacion_acumulada
-34.0,-58.0,2025-12-01,4,106.74,precipitacion_acumulada
-34.0,-58.0,2025-12-01,5,104.8,precipitacion_acumulada
-34.0,-58.0,2025-12-01,6,92.27,precipitacion_acumulada
-34.0,-57.0,2025-12-01,1,92.9,precipitacion_acumulada
-34.0,-57.0,2025-12-01,2,93.23,precipitacion_acumulada
-34.0,-57.0,2025-12-01,3,104.62,precipitacion_acumulada
-34.0,-57.0,2025-12-01,4,109.86,precipitacion_acumulada
-34.0,-57.0,2025-12-01,5,107.36,precipitacion_acumulada
-34.0,-57.0,2025-12-01,6,95.23,precipitacion_acumulada
-34.0,-56.0,2025-12-01,1,89.05,precipitacion_acumulada
-34.0,-56.0,2025-12-01,2,92.19,precipitacion_acumulada
-34.0,-56.0,2025-12-01,3,106.18,precipitacion_acumulada
-34.0,-56.0,2025-12-01,4,109.7,precipitacion_acumulada
-34.0,-56.0,2025-12-01,5,101.83,precipitacion_acumulada
-34.0,-56.0,2025-12-01,6,98.25,precipitacion_acumulada
-33.0,-65.0,2025-12-01,1,129.94,precipitacion_acumulada
-33.0,-65.0,2025-12-01,2,102.07,precipitacion_acumulada
-33.0,-65.0,2025-12-01,3,117.13,precipitacion_acumulada
-33.0,-65.0,2025-12-01,4,89.52,precipitacion_acumulada
-33.0,-65.0,2025-12-01,5,65.36,precipitacion_acumulada
-33.0,-65.0,2025-12-01,6,40.88,precipitacion_acumulada
-33.0,-64.0,2025-12-01,1,120.69,precipitacion_acumulada
-33.0,-64.0,2025-12-01,2,100.06,precipitacion_acumulada
-33.0,-64.0,2025-12-01,3,119.39,precipitacion_acumulada
-33.0,-64.0,2025-12-01,4,93.87,precipitacion_acumulada
-33.0,-64.0,2025-12-01,5,72.27,precipitacion_acumulada
-33.0,-64.0,2025-12-01,6,44.34,precipitacion_acumulada
-33.0,-63.0,2025-12-01,1,109.73,precipitacion_acumulada
-33.0,-63.0,2025-12-01,2,87.73,precipitacion_acumulada
-33.0,-63.0,2025-12-01,3,116.0,precipitacion_acumulada
-33.0,-63.0,2025-12-01,4,97.07,precipitacion_acumulada
-33.0,-63.0,2025-12-01,5,80.52,precipitacion_acumulada
-33.0,-63.0,2025-12-01,6,51.14,precipitacion_acumulada
-33.0,-62.0,2025-12-01,1,112.84,precipitacion_acumulada
-33.0,-62.0,2025-12-01,2,89.9,precipitacion_acumulada
-33.0,-62.0,2025-12-01,3,117.95,precipitacion_acumulada
-33.0,-62.0,2025-12-01,4,102.69,precipitacion_acumulada
-33.0,-62.0,2025-12-01,5,87.41,precipitacion_acumulada
-33.0,-62.0,2025-12-01,6,60.07,precipitacion_acumulada
-33.0,-61.0,2025-12-01,1,110.8,precipitacion_acumulada
-33.0,-61.0,2025-12-01,2,91.89,precipitacion_acumulada
-33.0,-61.0,2025-12-01,3,118.19,precipitacion_acumulada
-33.0,-61.0,2025-12-01,4,107.78,precipitacion_acumulada
-33.0,-61.0,2025-12-01,5,98.31,precipitacion_acumulada
-33.0,-61.0,2025-12-01,6,72.22,precipitacion_acumulada
-33.0,-60.0,2025-12-01,1,105.44,precipitacion_acumulada
-33.0,-60.0,2025-12-01,2,91.28,precipitacion_acumulada
-33.0,-60.0,2025-12-01,3,119.19,precipitacion_acumulada
-33.0,-60.0,2025-12-01,4,107.21,precipitacion_acumulada
-33.0,-60.0,2025-12-01,5,105.67,precipitacion_acumulada
-33.0,-60.0,2025-12-01,6,81.04,precipitacion_acumulada
-33.0,-59.0,2025-12-01,1,98.61,precipitacion_acumulada
-33.0,-59.0,2025-12-01,2,96.83,precipitacion_acumulada
-33.0,-59.0,2025-12-01,3,120.08,precipitacion_acumulada
-33.0,-59.0,2025-12-01,4,110.9,precipitacion_acumulada
-33.0,-59.0,2025-12-01,5,108.29,precipitacion_acumulada
-33.0,-59.0,2025-12-01,6,90.44,precipitacion_acumulada
-33.0,-58.0,2025-12-01,1,96.76,precipitacion_acumulada
-33.0,-58.0,2025-12-01,2,100.66,precipitacion_acumulada
-33.0,-58.0,2025-12-01,3,115.33,precipitacion_acumulada
-33.0,-58.0,2025-12-01,4,117.8,precipitacion_acumulada
-33.0,-58.0,2025-12-01,5,109.35,precipitacion_acumulada
-33.0,-58.0,2025-12-01,6,97.72,precipitacion_acumulada
-33.0,-57.0,2025-12-01,1,97.24,precipitacion_acumulada
-33.0,-57.0,2025-12-01,2,107.27,precipitacion_acumulada
-33.0,-57.0,2025-12-01,3,115.74,precipitacion_acumulada
-33.0,-57.0,2025-12-01,4,120.2,precipitacion_acumulada
-33.0,-57.0,2025-12-01,5,108.06,precipitacion_acumulada
-33.0,-57.0,2025-12-01,6,108.09,precipitacion_acumulada
-33.0,-56.0,2025-12-01,1,93.38,precipitacion_acumulada
-33.0,-56.0,2025-12-01,2,106.24,precipitacion_acumulada
-33.0,-56.0,2025-12-01,3,117.3,precipitacion_acumulada
-33.0,-56.0,2025-12-01,4,120.01,precipitacion_acumulada
-33.0,-56.0,2025-12-01,5,102.47,precipitacion_acumulada
-33.0,-56.0,2025-12-01,6,111.13,precipitacion_acumulada
-32.0,-65.0,2025-12-01,1,123.4,precipitacion_acumulada
-32.0,-65.0,2025-12-01,2,97.63,precipitacion_acumulada
-32.0,-65.0,2025-12-01,3,108.95,precipitacion_acumulada
-32.0,-65.0,2025-12-01,4,84.34,precipitacion_acumulada
-32.0,-65.0,2025-12-01,5,60.23,precipitacion_acumulada
-32.0,-65.0,2025-12-01,6,38.27,precipitacion_acumulada
-32.0,-64.0,2025-12-01,1,131.1,precipitacion_acumulada
-32.0,-64.0,2025-12-01,2,102.65,precipitacion_acumulada
-32.0,-64.0,2025-12-01,3,119.25,precipitacion_acumulada
-32.0,-64.0,2025-12-01,4,93.66,precipitacion_acumulada
-32.0,-64.0,2025-12-01,5,68.97,precipitacion_acumulada
-32.0,-64.0,2025-12-01,6,43.96,precipitacion_acumulada
-32.0,-63.0,2025-12-01,1,119.96,precipitacion_acumulada
-32.0,-63.0,2025-12-01,2,90.1,precipitacion_acumulada
-32.0,-63.0,2025-12-01,3,115.75,precipitacion_acumulada
-32.0,-63.0,2025-12-01,4,96.87,precipitacion_acumulada
-32.0,-63.0,2025-12-01,5,77.31,precipitacion_acumulada
-32.0,-63.0,2025-12-01,6,50.81,precipitacion_acumulada
-32.0,-62.0,2025-12-01,1,119.77,precipitacion_acumulada
-32.0,-62.0,2025-12-01,2,90.55,precipitacion_acumulada
-32.0,-62.0,2025-12-01,3,120.89,precipitacion_acumulada
-32.0,-62.0,2025-12-01,4,107.51,precipitacion_acumulada
-32.0,-62.0,2025-12-01,5,96.46,precipitacion_acumulada
-32.0,-62.0,2025-12-01,6,66.17,precipitacion_acumulada
-32.0,-61.0,2025-12-01,1,117.67,precipitacion_acumulada
-32.0,-61.0,2025-12-01,2,92.55,precipitacion_acumulada
-32.0,-61.0,2025-12-01,3,121.12,precipitacion_acumulada
-32.0,-61.0,2025-12-01,4,112.65,precipitacion_acumulada
-32.0,-61.0,2025-12-01,5,107.45,precipitacion_acumulada
-32.0,-61.0,2025-12-01,6,78.48,precipitacion_acumulada
-32.0,-60.0,2025-12-01,1,111.28,precipitacion_acumulada
-32.0,-60.0,2025-12-01,2,96.75,precipitacion_acumulada
-32.0,-60.0,2025-12-01,3,120.07,precipitacion_acumulada
-32.0,-60.0,2025-12-01,4,121.46,precipitacion_acumulada
-32.0,-60.0,2025-12-01,5,109.28,precipitacion_acumulada
-32.0,-60.0,2025-12-01,6,92.76,precipitacion_acumulada
-32.0,-59.0,2025-12-01,1,104.36,precipitacion_acumulada
-32.0,-59.0,2025-12-01,2,102.39,precipitacion_acumulada
-32.0,-59.0,2025-12-01,3,120.99,precipitacion_acumulada
-32.0,-59.0,2025-12-01,4,125.23,precipitacion_acumulada
-32.0,-59.0,2025-12-01,5,111.95,precipitacion_acumulada
-32.0,-59.0,2025-12-01,6,102.3,precipitacion_acumulada
-32.0,-58.0,2025-12-01,1,97.08,precipitacion_acumulada
-32.0,-58.0,2025-12-01,2,109.49,precipitacion_acumulada
-32.0,-58.0,2025-12-01,3,126.15,precipitacion_acumulada
-32.0,-58.0,2025-12-01,4,128.59,precipitacion_acumulada
-32.0,-58.0,2025-12-01,5,117.57,precipitacion_acumulada
-32.0,-58.0,2025-12-01,6,114.54,precipitacion_acumulada
-32.0,-57.0,2025-12-01,1,97.58,precipitacion_acumulada
-32.0,-57.0,2025-12-01,2,116.13,precipitacion_acumulada
-32.0,-57.0,2025-12-01,3,126.54,precipitacion_acumulada
-32.0,-57.0,2025-12-01,4,130.96,precipitacion_acumulada
-32.0,-57.0,2025-12-01,5,116.27,precipitacion_acumulada
-32.0,-57.0,2025-12-01,6,125.0,precipitacion_acumulada
-32.0,-56.0,2025-12-01,1,101.38,precipitacion_acumulada
-32.0,-56.0,2025-12-01,2,118.48,precipitacion_acumulada
-32.0,-56.0,2025-12-01,3,120.52,precipitacion_acumulada
-32.0,-56.0,2025-12-01,4,120.9,precipitacion_acumulada
-32.0,-56.0,2025-12-01,5,108.56,precipitacion_acumulada
-32.0,-56.0,2025-12-01,6,124.06,precipitacion_acumulada
-31.0,-65.0,2025-12-01,1,126.81,precipitacion_acumulada
-31.0,-65.0,2025-12-01,2,97.31,precipitacion_acumulada
-31.0,-65.0,2025-12-01,3,110.23,precipitacion_acumulada
-31.0,-65.0,2025-12-01,4,90.14,precipitacion_acumulada
-31.0,-65.0,2025-12-01,5,67.28,precipitacion_acumulada
-31.0,-65.0,2025-12-01,6,43.04,precipitacion_acumulada
-31.0,-64.0,2025-12-01,1,134.67,precipitacion_acumulada
-31.0,-64.0,2025-12-01,2,102.4,precipitacion_acumulada
-31.0,-64.0,2025-12-01,3,120.71,precipitacion_acumulada
-31.0,-64.0,2025-12-01,4,99.62,precipitacion_acumulada
-31.0,-64.0,2025-12-01,5,76.15,precipitacion_acumulada
-31.0,-64.0,2025-12-01,6,48.77,precipitacion_acumulada
-31.0,-63.0,2025-12-01,1,124.77,precipitacion_acumulada
-31.0,-63.0,2025-12-01,2,96.23,precipitacion_acumulada
-31.0,-63.0,2025-12-01,3,118.82,precipitacion_acumulada
-31.0,-63.0,2025-12-01,4,104.31,precipitacion_acumulada
-31.0,-63.0,2025-12-01,5,87.27,precipitacion_acumulada
-31.0,-63.0,2025-12-01,6,59.16,precipitacion_acumulada
-31.0,-62.0,2025-12-01,1,124.55,precipitacion_acumulada
-31.0,-62.0,2025-12-01,2,96.68,precipitacion_acumulada
-31.0,-62.0,2025-12-01,3,123.95,precipitacion_acumulada
-31.0,-62.0,2025-12-01,4,115.02,precipitacion_acumulada
-31.0,-62.0,2025-12-01,5,106.58,precipitacion_acumulada
-31.0,-62.0,2025-12-01,6,74.67,precipitacion_acumulada
-31.0,-61.0,2025-12-01,1,121.77,precipitacion_acumulada
-31.0,-61.0,2025-12-01,2,104.13,precipitacion_acumulada
-31.0,-61.0,2025-12-01,3,123.07,precipitacion_acumulada
-31.0,-61.0,2025-12-01,4,120.31,precipitacion_acumulada
-31.0,-61.0,2025-12-01,5,114.51,precipitacion_acumulada
-31.0,-61.0,2025-12-01,6,86.92,precipitacion_acumulada
-31.0,-60.0,2025-12-01,1,115.32,precipitacion_acumulada
-31.0,-60.0,2025-12-01,2,108.4,precipitacion_acumulada
-31.0,-60.0,2025-12-01,3,122.04,precipitacion_acumulada
-31.0,-60.0,2025-12-01,4,129.24,precipitacion_acumulada
-31.0,-60.0,2025-12-01,5,116.39,precipitacion_acumulada
-31.0,-60.0,2025-12-01,6,101.36,precipitacion_acumulada
-31.0,-59.0,2025-12-01,1,108.96,precipitacion_acumulada
-31.0,-59.0,2025-12-01,2,113.18,precipitacion_acumulada
-31.0,-59.0,2025-12-01,3,128.66,precipitacion_acumulada
-31.0,-59.0,2025-12-01,4,136.39,precipitacion_acumulada
-31.0,-59.0,2025-12-01,5,120.82,precipitacion_acumulada
-31.0,-59.0,2025-12-01,6,114.28,precipitacion_acumulada
-31.0,-58.0,2025-12-01,1,101.63,precipitacion_acumulada
-31.0,-58.0,2025-12-01,2,120.33,precipitacion_acumulada
-31.0,-58.0,2025-12-01,3,133.87,precipitacion_acumulada
-31.0,-58.0,2025-12-01,4,139.76,precipitacion_acumulada
-31.0,-58.0,2025-12-01,5,126.49,precipitacion_acumulada
-31.0,-58.0,2025-12-01,6,126.66,precipitacion_acumulada
-31.0,-57.0,2025-12-01,1,102.79,precipitacion_acumulada
-31.0,-57.0,2025-12-01,2,127.54,precipitacion_acumulada
-31.0,-57.0,2025-12-01,3,133.53,precipitacion_acumulada
-31.0,-57.0,2025-12-01,4,137.62,precipitacion_acumulada
-31.0,-57.0,2025-12-01,5,128.41,precipitacion_acumulada
-31.0,-57.0,2025-12-01,6,140.02,precipitacion_acumulada
-31.0,-56.0,2025-12-01,1,106.62,precipitacion_acumulada
-31.0,-56.0,2025-12-01,2,129.95,precipitacion_acumulada
-31.0,-56.0,2025-12-01,3,127.47,precipitacion_acumulada
-31.0,-56.0,2025-12-01,4,127.46,precipitacion_acumulada
-31.0,-56.0,2025-12-01,5,120.62,precipitacion_acumulada
-31.0,-56.0,2025-12-01,6,139.11,precipitacion_acumulada
-30.0,-65.0,2025-12-01,1,137.07,precipitacion_acumulada
-30.0,-65.0,2025-12-01,2,108.72,precipitacion_acumulada
-30.0,-65.0,2025-12-01,3,117.74,precipitacion_acumulada
-30.0,-65.0,2025-12-01,4,96.61,precipitacion_acumulada
-30.0,-65.0,2025-12-01,5,67.2,precipitacion_acumulada
-30.0,-65.0,2025-12-01,6,45.91,precipitacion_acumulada
-30.0,-64.0,2025-12-01,1,135.66,precipitacion_acumulada
-30.0,-64.0,2025-12-01,2,105.22,precipitacion_acumulada
-30.0,-64.0,2025-12-01,3,122.65,precipitacion_acumulada
-30.0,-64.0,2025-12-01,4,110.42,precipitacion_acumulada
-30.0,-64.0,2025-12-01,5,80.96,precipitacion_acumulada
-30.0,-64.0,2025-12-01,6,48.62,precipitacion_acumulada
-30.0,-63.0,2025-12-01,1,125.74,precipitacion_acumulada
-30.0,-63.0,2025-12-01,2,99.05,precipitacion_acumulada
-30.0,-63.0,2025-12-01,3,120.79,precipitacion_acumulada
-30.0,-63.0,2025-12-01,4,115.18,precipitacion_acumulada
-30.0,-63.0,2025-12-01,5,92.24,precipitacion_acumulada
-30.0,-63.0,2025-12-01,6,59.12,precipitacion_acumulada
-30.0,-62.0,2025-12-01,1,119.94,precipitacion_acumulada
-30.0,-62.0,2025-12-01,2,99.18,precipitacion_acumulada
-30.0,-62.0,2025-12-01,3,120.93,precipitacion_acumulada
-30.0,-62.0,2025-12-01,4,119.41,precipitacion_acumulada
-30.0,-62.0,2025-12-01,5,106.44,precipitacion_acumulada
-30.0,-62.0,2025-12-01,6,72.45,precipitacion_acumulada
-30.0,-61.0,2025-12-01,1,117.13,precipitacion_acumulada
-30.0,-61.0,2025-12-01,2,106.69,precipitacion_acumulada
-30.0,-61.0,2025-12-01,3,120.07,precipitacion_acumulada
-30.0,-61.0,2025-12-01,4,124.81,precipitacion_acumulada
-30.0,-61.0,2025-12-01,5,114.5,precipitacion_acumulada
-30.0,-61.0,2025-12-01,6,84.84,precipitacion_acumulada
-30.0,-60.0,2025-12-01,1,115.6,precipitacion_acumulada
-30.0,-60.0,2025-12-01,2,114.69,precipitacion_acumulada
-30.0,-60.0,2025-12-01,3,126.94,precipitacion_acumulada
-30.0,-60.0,2025-12-01,4,135.89,precipitacion_acumulada
-30.0,-60.0,2025-12-01,5,127.79,precipitacion_acumulada
-30.0,-60.0,2025-12-01,6,102.64,precipitacion_acumulada
-30.0,-59.0,2025-12-01,1,109.22,precipitacion_acumulada
-30.0,-59.0,2025-12-01,2,119.55,precipitacion_acumulada
-30.0,-59.0,2025-12-01,3,133.63,precipitacion_acumulada
-30.0,-59.0,2025-12-01,4,143.08,precipitacion_acumulada
-30.0,-59.0,2025-12-01,5,132.28,precipitacion_acumulada
-30.0,-59.0,2025-12-01,6,115.72,precipitacion_acumulada
-30.0,-58.0,2025-12-01,1,108.37,precipitacion_acumulada
-30.0,-58.0,2025-12-01,2,129.04,precipitacion_acumulada
-30.0,-58.0,2025-12-01,3,139.31,precipitacion_acumulada
-30.0,-58.0,2025-12-01,4,147.93,precipitacion_acumulada
-30.0,-58.0,2025-12-01,5,134.68,precipitacion_acumulada
-30.0,-58.0,2025-12-01,6,134.47,precipitacion_acumulada
-30.0,-57.0,2025-12-01,1,109.53,precipitacion_acumulada
-30.0,-57.0,2025-12-01,2,136.35,precipitacion_acumulada
-30.0,-57.0,2025-12-01,3,138.98,precipitacion_acumulada
-30.0,-57.0,2025-12-01,4,145.78,precipitacion_acumulada
-30.0,-57.0,2025-12-01,5,136.6,precipitacion_acumulada
-30.0,-57.0,2025-12-01,6,148.02,precipitacion_acumulada
-30.0,-56.0,2025-12-01,1,114.78,precipitacion_acumulada
-30.0,-56.0,2025-12-01,2,143.35,precipitacion_acumulada
-30.0,-56.0,2025-12-01,3,135.36,precipitacion_acumulada
-30.0,-56.0,2025-12-01,4,137.19,precipitacion_acumulada
-30.0,-56.0,2025-12-01,5,133.3,precipitacion_acumulada
-30.0,-56.0,2025-12-01,6,162.89,precipitacion_acumulada
